LSHOX,LSHOY,LSHOZ,LUPAX,LUPAY,LUPAZ,LELBX,LELBY,LELBZ,LFRMX,LFRMY,LFRMZ,LWRAX,LWRAY,LWRAZ,LWRBX,LWRBY,LWRBZ,LFINX,LFINY,LFINZ,RSHOX,RSHOY,RSHOZ,RUPAX,RUPAY,RUPAZ,RELBX,RELBY,RELBZ,RFRMX,RFRMY,RFRMZ,RWRAX,RWRAY,RWRAZ,RWRBX,RWRBY,RWRBZ,RFINX,RFINY,RFINZ
-10.691505719333634,-140.0377039362992,2144.4691779067016,4.685583977999443,-169.16669177172736,2378.165106365827,98.88297173717365,-284.95558675211856,2701.439957947473,158.73814500707078,120.53586639452851,2042.1635959527841,297.40865643581037,320.0500824122474,1747.7355633094135,104.3135555127435,242.02929494156012,1782.3433931693999,174.8095966874854,388.98772938571267,1513.978894943905,400.2092853505792,-269.6614013711812,1796.8404212206592,478.2448690749576,-195.91735291880082,2010.671783028407,355.8452907959238,-146.17981103130788,2227.522421550002,389.2245407409263,34.65267832849199,1695.1681592977961,483.8616862042959,359.83185794300977,965.7354150005973,310.1373525345906,171.77824430102305,1030.9807816547923,459.41908089760375,397.75719267360085,562.0347342957078
