C7X,C7Y,C7Z,T10X,T10Y,T10Z,CLAVX,CLAVY,CLAVZ,STRNX,STRNY,STRNZ,RBAKX,RBAKY,RBAKZ,T12X,T12Y,T12Z,S1X,S1Y,S1Z,LASIX,LASIY,LASIZ,RASIX,RASIY,RASIZ,LPSIX,LPSIY,LPSIZ,RPSIX,RPSIY,RPSIZ
41.69407016691781,223.302157948706,1536.3101063363774,-139.88876304922638,-188.9066085352601,1144.4950720417442,95.39839426358492,347.9953638411783,1426.55298668327,23.34669524334413,258.4938612750541,1172.6346963555934,170.50533051083755,-93.7889348218455,1353.415628333301,-146.7683655552263,-215.80090711978926,1063.213057327344,-147.59609652695585,-295.37274162030917,872.5299027661075,-293.3641717243343,62.16152423390599,859.8033581319639,162.78445403441515,24.580455657513227,893.3126574222437,-229.40171179400846,-289.9635661128764,875.3404304950429,-70.14055801383071,-290.7774549932548,879.6199707834712
