LTHIX,LTHIY,LTHIZ,LKNEX,LKNEY,LKNEZ,LTIBX,LTIBY,LTIBZ,LANKX,LANKY,LANKZ,LHEEX,LHEEY,LHEEZ,LTOEX,LTOEY,LTOEZ,RTHIX,RTHIY,RTHIZ,RKNEX,RKNEY,RKNEZ,RTIBX,RTIBY,RTIBZ,RANKX,RANKY,RANKZ,RHEEX,RHEEY,RHEEZ,RTOEX,RTOEY,RTOEZ
-39.12671469869298,268.44917993059516,630.403678889428,-33.37460480992297,338.82002452911513,461.1910988621511,-109.4221872790095,151.2601677773608,263.88592522133916,-126.82594071992604,59.02727265877648,87.99838708181439,-77.02910936952858,-0.25754414770296563,34.44927569281745,-99.390140420758,214.7002430749048,22.87027618159036,297.8833820904111,415.89933253496093,661.8878138931443,241.55089725560848,524.3883971360589,442.55571421102263,238.70168979765478,383.2930014489377,309.3645912858953,150.0947351448891,55.39443436941996,73.04137116107245,77.0291253052927,0.3317747516377736,42.77080617144465,140.61088603776477,205.50214999108672,20.84921541324902
