LFHDX,LFHDY,LFHDZ,RFHDX,RFHDY,RFHDZ,LBHDX,LBHDY,LBHDZ,RBHDX,RBHDY,RBHDZ
155.42835270332978,524.0051576631035,1736.6237088182338,283.7127645329057,435.2310669665469,1729.8067261107785,66.65378668558128,418.0909446997999,1746.0563838226385,225.07342738328953,337.3455307533849,1724.6857278332989
